0,target_close_all_lags,260,LR,explained_variance,"[44.54199695  1.72461972  0.07397932  1.9823246   1.58602174 -2.90106546
  1.32420196 -1.12499698  0.19706411  0.45605425]"
1,target_close_all_lags,260,Lasso,explained_variance,"[45.81598159  1.04543619  0.41009178  0.59004459  0.         -0.25542839
  0.45602978 -0.70723796  0.05261937  0.45271578]"
2,target_close_all_lags,260,Ridge,explained_variance,"[44.5403385   1.72610139  0.07416196  1.98223484  1.5859387  -2.9008616
  1.32415868 -1.12500957  0.19705827  0.45607856]"
3,target_close_all_lags,260,RandomForest,explained_variance,"[3.95941814e-01 3.89759983e-02 1.98682199e-02 5.34140768e-02
 1.40788238e-01 3.32379412e-01 1.76387920e-02 1.95753302e-04
 5.07286077e-04 2.90410201e-04]"
4,target_close_all_lags,260,XGB,explained_variance,"[1.5196899e-01 1.6239856e-01 2.4309911e-02 2.2345524e-02 3.1518546e-01
 8.0793770e-03 3.1111729e-01 7.6916745e-05 1.8369744e-03 2.6809450e-03]"
5,target_close_all_lags,260,SVR,explained_variance,"[ 9.47288136e-01  4.44801145e-02 -1.63456868e-03  2.44176290e-02
 -7.42986470e-04 -1.45836925e-02  4.88239371e-03 -1.50010905e-02
  4.48788392e-03  7.47660253e-03]"
6,target_close_all_lags,260,LR,r2,"[44.54199695  1.72461972  0.07397932  1.9823246   1.58602174 -2.90106546
  1.32420196 -1.12499698  0.19706411  0.45605425]"
7,target_close_all_lags,260,Lasso,r2,"[45.81598159  1.04543619  0.41009178  0.59004459  0.         -0.25542839
  0.45602978 -0.70723796  0.05261937  0.45271578]"
8,target_close_all_lags,260,Ridge,r2,"[44.5403385   1.72610139  0.07416196  1.98223484  1.5859387  -2.9008616
  1.32415868 -1.12500957  0.19705827  0.45607856]"
9,target_close_all_lags,260,RandomForest,r2,"[3.95941814e-01 3.89759983e-02 1.98682199e-02 5.34140768e-02
 1.40788238e-01 3.32379412e-01 1.76387920e-02 1.95753302e-04
 5.07286077e-04 2.90410201e-04]"
10,target_close_all_lags,260,XGB,r2,"[1.5196899e-01 1.6239856e-01 2.4309911e-02 2.2345524e-02 3.1518546e-01
 8.0793770e-03 3.1111729e-01 7.6916745e-05 1.8369744e-03 2.6809450e-03]"
11,target_close_all_lags,260,SVR,r2,"[ 9.47288136e-01  4.44801145e-02 -1.63456868e-03  2.44176290e-02
 -7.42986470e-04 -1.45836925e-02  4.88239371e-03 -1.50010905e-02
  4.48788392e-03  7.47660253e-03]"
12,target_close_all_lags,260,LR,neg_mean_absolute_error,"[44.54199695  1.72461972  0.07397932  1.9823246   1.58602174 -2.90106546
  1.32420196 -1.12499698  0.19706411  0.45605425]"
13,target_close_all_lags,260,Lasso,neg_mean_absolute_error,"[45.81598159  1.04543619  0.41009178  0.59004459  0.         -0.25542839
  0.45602978 -0.70723796  0.05261937  0.45271578]"
14,target_close_all_lags,260,Ridge,neg_mean_absolute_error,"[44.5403385   1.72610139  0.07416196  1.98223484  1.5859387  -2.9008616
  1.32415868 -1.12500957  0.19705827  0.45607856]"
15,target_close_all_lags,260,RandomForest,neg_mean_absolute_error,"[3.95941814e-01 3.89759983e-02 1.98682199e-02 5.34140768e-02
 1.40788238e-01 3.32379412e-01 1.76387920e-02 1.95753302e-04
 5.07286077e-04 2.90410201e-04]"
16,target_close_all_lags,260,XGB,neg_mean_absolute_error,"[1.5196899e-01 1.6239856e-01 2.4309911e-02 2.2345524e-02 3.1518546e-01
 8.0793770e-03 3.1111729e-01 7.6916745e-05 1.8369744e-03 2.6809450e-03]"
17,target_close_all_lags,260,SVR,neg_mean_absolute_error,"[ 9.47288136e-01  4.44801145e-02 -1.63456868e-03  2.44176290e-02
 -7.42986470e-04 -1.45836925e-02  4.88239371e-03 -1.50010905e-02
  4.48788392e-03  7.47660253e-03]"
18,target_close_all_lags,260,LR,neg_mean_squared_error,"[44.54199695  1.72461972  0.07397932  1.9823246   1.58602174 -2.90106546
  1.32420196 -1.12499698  0.19706411  0.45605425]"
19,target_close_all_lags,260,Lasso,neg_mean_squared_error,"[45.81598159  1.04543619  0.41009178  0.59004459  0.         -0.25542839
  0.45602978 -0.70723796  0.05261937  0.45271578]"
20,target_close_all_lags,260,Ridge,neg_mean_squared_error,"[44.5403385   1.72610139  0.07416196  1.98223484  1.5859387  -2.9008616
  1.32415868 -1.12500957  0.19705827  0.45607856]"
21,target_close_all_lags,260,RandomForest,neg_mean_squared_error,"[3.95941814e-01 3.89759983e-02 1.98682199e-02 5.34140768e-02
 1.40788238e-01 3.32379412e-01 1.76387920e-02 1.95753302e-04
 5.07286077e-04 2.90410201e-04]"
22,target_close_all_lags,260,XGB,neg_mean_squared_error,"[1.5196899e-01 1.6239856e-01 2.4309911e-02 2.2345524e-02 3.1518546e-01
 8.0793770e-03 3.1111729e-01 7.6916745e-05 1.8369744e-03 2.6809450e-03]"
23,target_close_all_lags,260,SVR,neg_mean_squared_error,"[ 9.47288136e-01  4.44801145e-02 -1.63456868e-03  2.44176290e-02
 -7.42986470e-04 -1.45836925e-02  4.88239371e-03 -1.50010905e-02
  4.48788392e-03  7.47660253e-03]"
24,target_close_all_lags,260,LR,neg_median_absolute_error,"[44.54199695  1.72461972  0.07397932  1.9823246   1.58602174 -2.90106546
  1.32420196 -1.12499698  0.19706411  0.45605425]"
25,target_close_all_lags,260,Lasso,neg_median_absolute_error,"[45.81598159  1.04543619  0.41009178  0.59004459  0.         -0.25542839
  0.45602978 -0.70723796  0.05261937  0.45271578]"
26,target_close_all_lags,260,Ridge,neg_median_absolute_error,"[44.5403385   1.72610139  0.07416196  1.98223484  1.5859387  -2.9008616
  1.32415868 -1.12500957  0.19705827  0.45607856]"
27,target_close_all_lags,260,RandomForest,neg_median_absolute_error,"[3.95941814e-01 3.89759983e-02 1.98682199e-02 5.34140768e-02
 1.40788238e-01 3.32379412e-01 1.76387920e-02 1.95753302e-04
 5.07286077e-04 2.90410201e-04]"
28,target_close_all_lags,260,XGB,neg_median_absolute_error,"[1.5196899e-01 1.6239856e-01 2.4309911e-02 2.2345524e-02 3.1518546e-01
 8.0793770e-03 3.1111729e-01 7.6916745e-05 1.8369744e-03 2.6809450e-03]"
29,target_close_all_lags,260,SVR,neg_median_absolute_error,"[ 9.47288136e-01  4.44801145e-02 -1.63456868e-03  2.44176290e-02
 -7.42986470e-04 -1.45836925e-02  4.88239371e-03 -1.50010905e-02
  4.48788392e-03  7.47660253e-03]"
0,target_close_all_attributes,260,LR,explained_variance,"[-1.99531743e+01  9.61909496e+00  1.79995783e+01  3.26794611e+01
  2.47006409e-02  4.33078489e+00 -1.43901701e+00  5.09221423e-02
 -7.16593782e-01 -1.21921071e+00  1.16307655e+00 -1.37704628e+00
  1.56622217e+00  7.79568314e-01  4.94620404e-02  8.67720895e+00
  5.18800927e+00 -1.50880728e-01 -1.35790316e+00 -6.56414937e+00
 -6.92862198e+00 -1.37304322e+01  1.64861528e+01  1.64861528e+01
 -1.49134591e+01  2.25297503e-02  1.55063763e-02 -5.05583792e-02
 -1.72325832e-02  3.06169335e-02 -1.16515331e-02 -2.67416403e-02
 -2.51810363e-02 -1.14631233e-02 -3.15718381e-02  9.37372233e-03
  5.83662716e-02  4.05956447e-02 -4.06955468e-02  1.46751593e-02
  1.72566257e-03  1.76899776e-02]"
1,target_close_all_attributes,260,Lasso,explained_variance,"[ 3.50397817e+01  1.14620653e+01  1.07669522e+00  1.12815225e+01
  2.07493292e-02 -1.68220629e+01  2.18160922e+00  2.76637415e+00
  1.14810312e-01 -2.64182468e+00  2.09076528e+00  1.24973873e+00
  1.59417116e+00  1.45612584e+00  1.98688632e-01 -4.80471997e-01
 -4.79486207e+00 -6.81437559e-01  5.97148941e-01  2.70777397e+00
 -7.64695028e-01  9.35132188e-01 -2.89867794e-01 -8.74077383e-16
  1.67416721e-01  6.88324075e-02 -0.00000000e+00 -6.00484546e-02
 -2.14673138e-02  1.62412226e-02 -9.07059470e-03  2.01650924e-04
 -1.68353891e-02 -2.63297701e-02 -3.32047235e-03  1.89028749e-02
  7.06601795e-02  5.91268404e-02 -5.47647881e-02  3.13479256e-02
 -5.87350018e-05  3.50169462e-02]"
2,target_close_all_attributes,260,Ridge,explained_variance,"[-1.99437309e+01  9.61538570e+00  1.79965509e+01  3.26453396e+01
  2.46634946e-02  4.30389769e+00 -1.45283383e+00  4.33586926e-02
 -7.17506973e-01 -1.22304520e+00  1.16960187e+00 -1.37272345e+00
  1.55331662e+00  7.86310716e-01  4.94468930e-02  8.65976913e+00
  5.17216026e+00 -1.50688626e-01 -1.33305942e+00 -6.32563832e+00
 -6.74498859e+00 -1.34448400e+01  1.60839126e+01  1.60839126e+01
 -1.47070289e+01  2.25476316e-02  1.54949834e-02 -5.05714436e-02
 -1.72369774e-02  3.06285575e-02 -1.16356011e-02 -2.67272515e-02
 -2.51615802e-02 -1.14656025e-02 -3.15443097e-02  9.32703970e-03
  5.83438688e-02  4.05428122e-02 -4.07523036e-02  1.46847854e-02
  1.78843073e-03  1.77283522e-02]"
3,target_close_all_attributes,260,RandomForest,explained_variance,"[2.07885811e-02 2.54282172e-02 2.44954890e-02 3.41155530e-01
 4.28428171e-05 2.26919684e-03 1.83204545e-02 1.77403939e-02
 1.91353873e-01 6.94220212e-02 6.60600929e-05 5.39071335e-05
 1.73136736e-04 1.18691447e-04 3.66941313e-05 2.23297327e-03
 5.27390203e-02 6.87858332e-05 3.69438501e-05 5.37565351e-02
 5.38009726e-02 2.41347330e-04 5.34480747e-02 1.77118216e-02
 5.44465465e-02 3.26240049e-06 1.96049691e-06 4.07831198e-06
 4.78408198e-06 4.34286387e-06 1.23679434e-06 6.60215824e-07
 1.40252949e-06 1.18723454e-06 4.17654946e-06 6.04481018e-06
 3.48806193e-06 5.69936753e-07 1.61475602e-06 1.74720521e-06
 7.36870352e-06 3.96562747e-06]"
4,target_close_all_attributes,260,XGB,explained_variance,"[3.15589458e-02 1.64389849e-01 5.07084355e-02 6.73618019e-02
 7.92560604e-06 1.70814584e-03 6.79926743e-05 9.10947041e-04
 2.96360552e-01 2.93944206e-04 2.54510578e-05 3.81066602e-05
 5.60820103e-04 1.28189728e-04 1.75687674e-05 7.22424546e-03
 9.00453329e-03 1.89939747e-05 1.17949057e-05 3.68749231e-01
 4.18009004e-04 1.38295845e-05 2.31946706e-05 0.00000000e+00
 2.12219224e-04 5.18855404e-06 1.05537792e-05 1.91141753e-05
 7.17275725e-06 5.12122824e-06 1.14752520e-05 3.10135965e-06
 1.01064934e-05 2.05233537e-05 1.23842265e-05 9.23567995e-07
 1.32171306e-06 2.39546553e-05 2.19131380e-05 7.05053253e-06
 4.54941301e-06 2.08523961e-05]"
5,target_close_all_attributes,260,SVR,explained_variance,"[3.15589458e-02 1.64389849e-01 5.07084355e-02 6.73618019e-02
 7.92560604e-06 1.70814584e-03 6.79926743e-05 9.10947041e-04
 2.96360552e-01 2.93944206e-04 2.54510578e-05 3.81066602e-05
 5.60820103e-04 1.28189728e-04 1.75687674e-05 7.22424546e-03
 9.00453329e-03 1.89939747e-05 1.17949057e-05 3.68749231e-01
 4.18009004e-04 1.38295845e-05 2.31946706e-05 0.00000000e+00
 2.12219224e-04 5.18855404e-06 1.05537792e-05 1.91141753e-05
 7.17275725e-06 5.12122824e-06 1.14752520e-05 3.10135965e-06
 1.01064934e-05 2.05233537e-05 1.23842265e-05 9.23567995e-07
 1.32171306e-06 2.39546553e-05 2.19131380e-05 7.05053253e-06
 4.54941301e-06 2.08523961e-05]"
6,target_close_all_attributes,260,LR,r2,"[-1.99531743e+01  9.61909496e+00  1.79995783e+01  3.26794611e+01
  2.47006409e-02  4.33078489e+00 -1.43901701e+00  5.09221423e-02
 -7.16593782e-01 -1.21921071e+00  1.16307655e+00 -1.37704628e+00
  1.56622217e+00  7.79568314e-01  4.94620404e-02  8.67720895e+00
  5.18800927e+00 -1.50880728e-01 -1.35790316e+00 -6.56414937e+00
 -6.92862198e+00 -1.37304322e+01  1.64861528e+01  1.64861528e+01
 -1.49134591e+01  2.25297503e-02  1.55063763e-02 -5.05583792e-02
 -1.72325832e-02  3.06169335e-02 -1.16515331e-02 -2.67416403e-02
 -2.51810363e-02 -1.14631233e-02 -3.15718381e-02  9.37372233e-03
  5.83662716e-02  4.05956447e-02 -4.06955468e-02  1.46751593e-02
  1.72566257e-03  1.76899776e-02]"
7,target_close_all_attributes,260,Lasso,r2,"[ 3.50397817e+01  1.14620653e+01  1.07669522e+00  1.12815225e+01
  2.07493292e-02 -1.68220629e+01  2.18160922e+00  2.76637415e+00
  1.14810312e-01 -2.64182468e+00  2.09076528e+00  1.24973873e+00
  1.59417116e+00  1.45612584e+00  1.98688632e-01 -4.80471997e-01
 -4.79486207e+00 -6.81437559e-01  5.97148941e-01  2.70777397e+00
 -7.64695028e-01  9.35132188e-01 -2.89867794e-01 -8.74077383e-16
  1.67416721e-01  6.88324075e-02 -0.00000000e+00 -6.00484546e-02
 -2.14673138e-02  1.62412226e-02 -9.07059470e-03  2.01650924e-04
 -1.68353891e-02 -2.63297701e-02 -3.32047235e-03  1.89028749e-02
  7.06601795e-02  5.91268404e-02 -5.47647881e-02  3.13479256e-02
 -5.87350018e-05  3.50169462e-02]"
8,target_close_all_attributes,260,Ridge,r2,"[-1.99437309e+01  9.61538570e+00  1.79965509e+01  3.26453396e+01
  2.46634946e-02  4.30389769e+00 -1.45283383e+00  4.33586926e-02
 -7.17506973e-01 -1.22304520e+00  1.16960187e+00 -1.37272345e+00
  1.55331662e+00  7.86310716e-01  4.94468930e-02  8.65976913e+00
  5.17216026e+00 -1.50688626e-01 -1.33305942e+00 -6.32563832e+00
 -6.74498859e+00 -1.34448400e+01  1.60839126e+01  1.60839126e+01
 -1.47070289e+01  2.25476316e-02  1.54949834e-02 -5.05714436e-02
 -1.72369774e-02  3.06285575e-02 -1.16356011e-02 -2.67272515e-02
 -2.51615802e-02 -1.14656025e-02 -3.15443097e-02  9.32703970e-03
  5.83438688e-02  4.05428122e-02 -4.07523036e-02  1.46847854e-02
  1.78843073e-03  1.77283522e-02]"
9,target_close_all_attributes,260,RandomForest,r2,"[2.07885811e-02 2.54282172e-02 2.44954890e-02 3.41155530e-01
 4.28428171e-05 2.26919684e-03 1.83204545e-02 1.77403939e-02
 1.91353873e-01 6.94220212e-02 6.60600929e-05 5.39071335e-05
 1.73136736e-04 1.18691447e-04 3.66941313e-05 2.23297327e-03
 5.27390203e-02 6.87858332e-05 3.69438501e-05 5.37565351e-02
 5.38009726e-02 2.41347330e-04 5.34480747e-02 1.77118216e-02
 5.44465465e-02 3.26240049e-06 1.96049691e-06 4.07831198e-06
 4.78408198e-06 4.34286387e-06 1.23679434e-06 6.60215824e-07
 1.40252949e-06 1.18723454e-06 4.17654946e-06 6.04481018e-06
 3.48806193e-06 5.69936753e-07 1.61475602e-06 1.74720521e-06
 7.36870352e-06 3.96562747e-06]"
10,target_close_all_attributes,260,XGB,r2,"[3.15589458e-02 1.64389849e-01 5.07084355e-02 6.73618019e-02
 7.92560604e-06 1.70814584e-03 6.79926743e-05 9.10947041e-04
 2.96360552e-01 2.93944206e-04 2.54510578e-05 3.81066602e-05
 5.60820103e-04 1.28189728e-04 1.75687674e-05 7.22424546e-03
 9.00453329e-03 1.89939747e-05 1.17949057e-05 3.68749231e-01
 4.18009004e-04 1.38295845e-05 2.31946706e-05 0.00000000e+00
 2.12219224e-04 5.18855404e-06 1.05537792e-05 1.91141753e-05
 7.17275725e-06 5.12122824e-06 1.14752520e-05 3.10135965e-06
 1.01064934e-05 2.05233537e-05 1.23842265e-05 9.23567995e-07
 1.32171306e-06 2.39546553e-05 2.19131380e-05 7.05053253e-06
 4.54941301e-06 2.08523961e-05]"
11,target_close_all_attributes,260,SVR,r2,"[3.15589458e-02 1.64389849e-01 5.07084355e-02 6.73618019e-02
 7.92560604e-06 1.70814584e-03 6.79926743e-05 9.10947041e-04
 2.96360552e-01 2.93944206e-04 2.54510578e-05 3.81066602e-05
 5.60820103e-04 1.28189728e-04 1.75687674e-05 7.22424546e-03
 9.00453329e-03 1.89939747e-05 1.17949057e-05 3.68749231e-01
 4.18009004e-04 1.38295845e-05 2.31946706e-05 0.00000000e+00
 2.12219224e-04 5.18855404e-06 1.05537792e-05 1.91141753e-05
 7.17275725e-06 5.12122824e-06 1.14752520e-05 3.10135965e-06
 1.01064934e-05 2.05233537e-05 1.23842265e-05 9.23567995e-07
 1.32171306e-06 2.39546553e-05 2.19131380e-05 7.05053253e-06
 4.54941301e-06 2.08523961e-05]"
12,target_close_all_attributes,260,LR,neg_mean_absolute_error,"[-1.99531743e+01  9.61909496e+00  1.79995783e+01  3.26794611e+01
  2.47006409e-02  4.33078489e+00 -1.43901701e+00  5.09221423e-02
 -7.16593782e-01 -1.21921071e+00  1.16307655e+00 -1.37704628e+00
  1.56622217e+00  7.79568314e-01  4.94620404e-02  8.67720895e+00
  5.18800927e+00 -1.50880728e-01 -1.35790316e+00 -6.56414937e+00
 -6.92862198e+00 -1.37304322e+01  1.64861528e+01  1.64861528e+01
 -1.49134591e+01  2.25297503e-02  1.55063763e-02 -5.05583792e-02
 -1.72325832e-02  3.06169335e-02 -1.16515331e-02 -2.67416403e-02
 -2.51810363e-02 -1.14631233e-02 -3.15718381e-02  9.37372233e-03
  5.83662716e-02  4.05956447e-02 -4.06955468e-02  1.46751593e-02
  1.72566257e-03  1.76899776e-02]"
13,target_close_all_attributes,260,Lasso,neg_mean_absolute_error,"[ 3.50397817e+01  1.14620653e+01  1.07669522e+00  1.12815225e+01
  2.07493292e-02 -1.68220629e+01  2.18160922e+00  2.76637415e+00
  1.14810312e-01 -2.64182468e+00  2.09076528e+00  1.24973873e+00
  1.59417116e+00  1.45612584e+00  1.98688632e-01 -4.80471997e-01
 -4.79486207e+00 -6.81437559e-01  5.97148941e-01  2.70777397e+00
 -7.64695028e-01  9.35132188e-01 -2.89867794e-01 -8.74077383e-16
  1.67416721e-01  6.88324075e-02 -0.00000000e+00 -6.00484546e-02
 -2.14673138e-02  1.62412226e-02 -9.07059470e-03  2.01650924e-04
 -1.68353891e-02 -2.63297701e-02 -3.32047235e-03  1.89028749e-02
  7.06601795e-02  5.91268404e-02 -5.47647881e-02  3.13479256e-02
 -5.87350018e-05  3.50169462e-02]"
14,target_close_all_attributes,260,Ridge,neg_mean_absolute_error,"[-1.99437309e+01  9.61538570e+00  1.79965509e+01  3.26453396e+01
  2.46634946e-02  4.30389769e+00 -1.45283383e+00  4.33586926e-02
 -7.17506973e-01 -1.22304520e+00  1.16960187e+00 -1.37272345e+00
  1.55331662e+00  7.86310716e-01  4.94468930e-02  8.65976913e+00
  5.17216026e+00 -1.50688626e-01 -1.33305942e+00 -6.32563832e+00
 -6.74498859e+00 -1.34448400e+01  1.60839126e+01  1.60839126e+01
 -1.47070289e+01  2.25476316e-02  1.54949834e-02 -5.05714436e-02
 -1.72369774e-02  3.06285575e-02 -1.16356011e-02 -2.67272515e-02
 -2.51615802e-02 -1.14656025e-02 -3.15443097e-02  9.32703970e-03
  5.83438688e-02  4.05428122e-02 -4.07523036e-02  1.46847854e-02
  1.78843073e-03  1.77283522e-02]"
15,target_close_all_attributes,260,RandomForest,neg_mean_absolute_error,"[2.07885811e-02 2.54282172e-02 2.44954890e-02 3.41155530e-01
 4.28428171e-05 2.26919684e-03 1.83204545e-02 1.77403939e-02
 1.91353873e-01 6.94220212e-02 6.60600929e-05 5.39071335e-05
 1.73136736e-04 1.18691447e-04 3.66941313e-05 2.23297327e-03
 5.27390203e-02 6.87858332e-05 3.69438501e-05 5.37565351e-02
 5.38009726e-02 2.41347330e-04 5.34480747e-02 1.77118216e-02
 5.44465465e-02 3.26240049e-06 1.96049691e-06 4.07831198e-06
 4.78408198e-06 4.34286387e-06 1.23679434e-06 6.60215824e-07
 1.40252949e-06 1.18723454e-06 4.17654946e-06 6.04481018e-06
 3.48806193e-06 5.69936753e-07 1.61475602e-06 1.74720521e-06
 7.36870352e-06 3.96562747e-06]"
16,target_close_all_attributes,260,XGB,neg_mean_absolute_error,"[3.15589458e-02 1.64389849e-01 5.07084355e-02 6.73618019e-02
 7.92560604e-06 1.70814584e-03 6.79926743e-05 9.10947041e-04
 2.96360552e-01 2.93944206e-04 2.54510578e-05 3.81066602e-05
 5.60820103e-04 1.28189728e-04 1.75687674e-05 7.22424546e-03
 9.00453329e-03 1.89939747e-05 1.17949057e-05 3.68749231e-01
 4.18009004e-04 1.38295845e-05 2.31946706e-05 0.00000000e+00
 2.12219224e-04 5.18855404e-06 1.05537792e-05 1.91141753e-05
 7.17275725e-06 5.12122824e-06 1.14752520e-05 3.10135965e-06
 1.01064934e-05 2.05233537e-05 1.23842265e-05 9.23567995e-07
 1.32171306e-06 2.39546553e-05 2.19131380e-05 7.05053253e-06
 4.54941301e-06 2.08523961e-05]"
17,target_close_all_attributes,260,SVR,neg_mean_absolute_error,"[3.15589458e-02 1.64389849e-01 5.07084355e-02 6.73618019e-02
 7.92560604e-06 1.70814584e-03 6.79926743e-05 9.10947041e-04
 2.96360552e-01 2.93944206e-04 2.54510578e-05 3.81066602e-05
 5.60820103e-04 1.28189728e-04 1.75687674e-05 7.22424546e-03
 9.00453329e-03 1.89939747e-05 1.17949057e-05 3.68749231e-01
 4.18009004e-04 1.38295845e-05 2.31946706e-05 0.00000000e+00
 2.12219224e-04 5.18855404e-06 1.05537792e-05 1.91141753e-05
 7.17275725e-06 5.12122824e-06 1.14752520e-05 3.10135965e-06
 1.01064934e-05 2.05233537e-05 1.23842265e-05 9.23567995e-07
 1.32171306e-06 2.39546553e-05 2.19131380e-05 7.05053253e-06
 4.54941301e-06 2.08523961e-05]"
18,target_close_all_attributes,260,LR,neg_mean_squared_error,"[-1.99531743e+01  9.61909496e+00  1.79995783e+01  3.26794611e+01
  2.47006409e-02  4.33078489e+00 -1.43901701e+00  5.09221423e-02
 -7.16593782e-01 -1.21921071e+00  1.16307655e+00 -1.37704628e+00
  1.56622217e+00  7.79568314e-01  4.94620404e-02  8.67720895e+00
  5.18800927e+00 -1.50880728e-01 -1.35790316e+00 -6.56414937e+00
 -6.92862198e+00 -1.37304322e+01  1.64861528e+01  1.64861528e+01
 -1.49134591e+01  2.25297503e-02  1.55063763e-02 -5.05583792e-02
 -1.72325832e-02  3.06169335e-02 -1.16515331e-02 -2.67416403e-02
 -2.51810363e-02 -1.14631233e-02 -3.15718381e-02  9.37372233e-03
  5.83662716e-02  4.05956447e-02 -4.06955468e-02  1.46751593e-02
  1.72566257e-03  1.76899776e-02]"
19,target_close_all_attributes,260,Lasso,neg_mean_squared_error,"[ 3.50397817e+01  1.14620653e+01  1.07669522e+00  1.12815225e+01
  2.07493292e-02 -1.68220629e+01  2.18160922e+00  2.76637415e+00
  1.14810312e-01 -2.64182468e+00  2.09076528e+00  1.24973873e+00
  1.59417116e+00  1.45612584e+00  1.98688632e-01 -4.80471997e-01
 -4.79486207e+00 -6.81437559e-01  5.97148941e-01  2.70777397e+00
 -7.64695028e-01  9.35132188e-01 -2.89867794e-01 -8.74077383e-16
  1.67416721e-01  6.88324075e-02 -0.00000000e+00 -6.00484546e-02
 -2.14673138e-02  1.62412226e-02 -9.07059470e-03  2.01650924e-04
 -1.68353891e-02 -2.63297701e-02 -3.32047235e-03  1.89028749e-02
  7.06601795e-02  5.91268404e-02 -5.47647881e-02  3.13479256e-02
 -5.87350018e-05  3.50169462e-02]"
20,target_close_all_attributes,260,Ridge,neg_mean_squared_error,"[-1.99437309e+01  9.61538570e+00  1.79965509e+01  3.26453396e+01
  2.46634946e-02  4.30389769e+00 -1.45283383e+00  4.33586926e-02
 -7.17506973e-01 -1.22304520e+00  1.16960187e+00 -1.37272345e+00
  1.55331662e+00  7.86310716e-01  4.94468930e-02  8.65976913e+00
  5.17216026e+00 -1.50688626e-01 -1.33305942e+00 -6.32563832e+00
 -6.74498859e+00 -1.34448400e+01  1.60839126e+01  1.60839126e+01
 -1.47070289e+01  2.25476316e-02  1.54949834e-02 -5.05714436e-02
 -1.72369774e-02  3.06285575e-02 -1.16356011e-02 -2.67272515e-02
 -2.51615802e-02 -1.14656025e-02 -3.15443097e-02  9.32703970e-03
  5.83438688e-02  4.05428122e-02 -4.07523036e-02  1.46847854e-02
  1.78843073e-03  1.77283522e-02]"
21,target_close_all_attributes,260,RandomForest,neg_mean_squared_error,"[2.07885811e-02 2.54282172e-02 2.44954890e-02 3.41155530e-01
 4.28428171e-05 2.26919684e-03 1.83204545e-02 1.77403939e-02
 1.91353873e-01 6.94220212e-02 6.60600929e-05 5.39071335e-05
 1.73136736e-04 1.18691447e-04 3.66941313e-05 2.23297327e-03
 5.27390203e-02 6.87858332e-05 3.69438501e-05 5.37565351e-02
 5.38009726e-02 2.41347330e-04 5.34480747e-02 1.77118216e-02
 5.44465465e-02 3.26240049e-06 1.96049691e-06 4.07831198e-06
 4.78408198e-06 4.34286387e-06 1.23679434e-06 6.60215824e-07
 1.40252949e-06 1.18723454e-06 4.17654946e-06 6.04481018e-06
 3.48806193e-06 5.69936753e-07 1.61475602e-06 1.74720521e-06
 7.36870352e-06 3.96562747e-06]"
22,target_close_all_attributes,260,XGB,neg_mean_squared_error,"[3.15589458e-02 1.64389849e-01 5.07084355e-02 6.73618019e-02
 7.92560604e-06 1.70814584e-03 6.79926743e-05 9.10947041e-04
 2.96360552e-01 2.93944206e-04 2.54510578e-05 3.81066602e-05
 5.60820103e-04 1.28189728e-04 1.75687674e-05 7.22424546e-03
 9.00453329e-03 1.89939747e-05 1.17949057e-05 3.68749231e-01
 4.18009004e-04 1.38295845e-05 2.31946706e-05 0.00000000e+00
 2.12219224e-04 5.18855404e-06 1.05537792e-05 1.91141753e-05
 7.17275725e-06 5.12122824e-06 1.14752520e-05 3.10135965e-06
 1.01064934e-05 2.05233537e-05 1.23842265e-05 9.23567995e-07
 1.32171306e-06 2.39546553e-05 2.19131380e-05 7.05053253e-06
 4.54941301e-06 2.08523961e-05]"
23,target_close_all_attributes,260,SVR,neg_mean_squared_error,"[3.15589458e-02 1.64389849e-01 5.07084355e-02 6.73618019e-02
 7.92560604e-06 1.70814584e-03 6.79926743e-05 9.10947041e-04
 2.96360552e-01 2.93944206e-04 2.54510578e-05 3.81066602e-05
 5.60820103e-04 1.28189728e-04 1.75687674e-05 7.22424546e-03
 9.00453329e-03 1.89939747e-05 1.17949057e-05 3.68749231e-01
 4.18009004e-04 1.38295845e-05 2.31946706e-05 0.00000000e+00
 2.12219224e-04 5.18855404e-06 1.05537792e-05 1.91141753e-05
 7.17275725e-06 5.12122824e-06 1.14752520e-05 3.10135965e-06
 1.01064934e-05 2.05233537e-05 1.23842265e-05 9.23567995e-07
 1.32171306e-06 2.39546553e-05 2.19131380e-05 7.05053253e-06
 4.54941301e-06 2.08523961e-05]"
24,target_close_all_attributes,260,LR,neg_median_absolute_error,"[-1.99531743e+01  9.61909496e+00  1.79995783e+01  3.26794611e+01
  2.47006409e-02  4.33078489e+00 -1.43901701e+00  5.09221423e-02
 -7.16593782e-01 -1.21921071e+00  1.16307655e+00 -1.37704628e+00
  1.56622217e+00  7.79568314e-01  4.94620404e-02  8.67720895e+00
  5.18800927e+00 -1.50880728e-01 -1.35790316e+00 -6.56414937e+00
 -6.92862198e+00 -1.37304322e+01  1.64861528e+01  1.64861528e+01
 -1.49134591e+01  2.25297503e-02  1.55063763e-02 -5.05583792e-02
 -1.72325832e-02  3.06169335e-02 -1.16515331e-02 -2.67416403e-02
 -2.51810363e-02 -1.14631233e-02 -3.15718381e-02  9.37372233e-03
  5.83662716e-02  4.05956447e-02 -4.06955468e-02  1.46751593e-02
  1.72566257e-03  1.76899776e-02]"
25,target_close_all_attributes,260,Lasso,neg_median_absolute_error,"[ 3.50397817e+01  1.14620653e+01  1.07669522e+00  1.12815225e+01
  2.07493292e-02 -1.68220629e+01  2.18160922e+00  2.76637415e+00
  1.14810312e-01 -2.64182468e+00  2.09076528e+00  1.24973873e+00
  1.59417116e+00  1.45612584e+00  1.98688632e-01 -4.80471997e-01
 -4.79486207e+00 -6.81437559e-01  5.97148941e-01  2.70777397e+00
 -7.64695028e-01  9.35132188e-01 -2.89867794e-01 -8.74077383e-16
  1.67416721e-01  6.88324075e-02 -0.00000000e+00 -6.00484546e-02
 -2.14673138e-02  1.62412226e-02 -9.07059470e-03  2.01650924e-04
 -1.68353891e-02 -2.63297701e-02 -3.32047235e-03  1.89028749e-02
  7.06601795e-02  5.91268404e-02 -5.47647881e-02  3.13479256e-02
 -5.87350018e-05  3.50169462e-02]"
26,target_close_all_attributes,260,Ridge,neg_median_absolute_error,"[-1.99437309e+01  9.61538570e+00  1.79965509e+01  3.26453396e+01
  2.46634946e-02  4.30389769e+00 -1.45283383e+00  4.33586926e-02
 -7.17506973e-01 -1.22304520e+00  1.16960187e+00 -1.37272345e+00
  1.55331662e+00  7.86310716e-01  4.94468930e-02  8.65976913e+00
  5.17216026e+00 -1.50688626e-01 -1.33305942e+00 -6.32563832e+00
 -6.74498859e+00 -1.34448400e+01  1.60839126e+01  1.60839126e+01
 -1.47070289e+01  2.25476316e-02  1.54949834e-02 -5.05714436e-02
 -1.72369774e-02  3.06285575e-02 -1.16356011e-02 -2.67272515e-02
 -2.51615802e-02 -1.14656025e-02 -3.15443097e-02  9.32703970e-03
  5.83438688e-02  4.05428122e-02 -4.07523036e-02  1.46847854e-02
  1.78843073e-03  1.77283522e-02]"
27,target_close_all_attributes,260,RandomForest,neg_median_absolute_error,"[2.07885811e-02 2.54282172e-02 2.44954890e-02 3.41155530e-01
 4.28428171e-05 2.26919684e-03 1.83204545e-02 1.77403939e-02
 1.91353873e-01 6.94220212e-02 6.60600929e-05 5.39071335e-05
 1.73136736e-04 1.18691447e-04 3.66941313e-05 2.23297327e-03
 5.27390203e-02 6.87858332e-05 3.69438501e-05 5.37565351e-02
 5.38009726e-02 2.41347330e-04 5.34480747e-02 1.77118216e-02
 5.44465465e-02 3.26240049e-06 1.96049691e-06 4.07831198e-06
 4.78408198e-06 4.34286387e-06 1.23679434e-06 6.60215824e-07
 1.40252949e-06 1.18723454e-06 4.17654946e-06 6.04481018e-06
 3.48806193e-06 5.69936753e-07 1.61475602e-06 1.74720521e-06
 7.36870352e-06 3.96562747e-06]"
28,target_close_all_attributes,260,XGB,neg_median_absolute_error,"[3.15589458e-02 1.64389849e-01 5.07084355e-02 6.73618019e-02
 7.92560604e-06 1.70814584e-03 6.79926743e-05 9.10947041e-04
 2.96360552e-01 2.93944206e-04 2.54510578e-05 3.81066602e-05
 5.60820103e-04 1.28189728e-04 1.75687674e-05 7.22424546e-03
 9.00453329e-03 1.89939747e-05 1.17949057e-05 3.68749231e-01
 4.18009004e-04 1.38295845e-05 2.31946706e-05 0.00000000e+00
 2.12219224e-04 5.18855404e-06 1.05537792e-05 1.91141753e-05
 7.17275725e-06 5.12122824e-06 1.14752520e-05 3.10135965e-06
 1.01064934e-05 2.05233537e-05 1.23842265e-05 9.23567995e-07
 1.32171306e-06 2.39546553e-05 2.19131380e-05 7.05053253e-06
 4.54941301e-06 2.08523961e-05]"
29,target_close_all_attributes,260,SVR,neg_median_absolute_error,"[3.15589458e-02 1.64389849e-01 5.07084355e-02 6.73618019e-02
 7.92560604e-06 1.70814584e-03 6.79926743e-05 9.10947041e-04
 2.96360552e-01 2.93944206e-04 2.54510578e-05 3.81066602e-05
 5.60820103e-04 1.28189728e-04 1.75687674e-05 7.22424546e-03
 9.00453329e-03 1.89939747e-05 1.17949057e-05 3.68749231e-01
 4.18009004e-04 1.38295845e-05 2.31946706e-05 0.00000000e+00
 2.12219224e-04 5.18855404e-06 1.05537792e-05 1.91141753e-05
 7.17275725e-06 5.12122824e-06 1.14752520e-05 3.10135965e-06
 1.01064934e-05 2.05233537e-05 1.23842265e-05 9.23567995e-07
 1.32171306e-06 2.39546553e-05 2.19131380e-05 7.05053253e-06
 4.54941301e-06 2.08523961e-05]"
0,target_return_1d_all_returns,260,LR,explained_variance,"[-0.00095096  0.00017345 -0.00088837 -0.00026185  0.00057521 -0.00060472
  0.00181669 -0.00140186  0.00019619]"
1,target_return_1d_all_returns,260,Lasso,explained_variance,"[-0.00082081 -0.         -0.00061564 -0.          0.         -0.00012906
  0.00120874 -0.00087668 -0.        ]"
2,target_return_1d_all_returns,260,Ridge,explained_variance,"[-0.00094404  0.00016142 -0.00087303 -0.00025655  0.00055813 -0.00058679
  0.00178445 -0.00136782  0.00018023]"
3,target_return_1d_all_returns,260,RandomForest,explained_variance,"[0.20668332 0.09018257 0.10810574 0.1088191  0.11984432 0.0928879
 0.11023081 0.10026049 0.06298576]"
4,target_return_1d_all_returns,260,XGB,explained_variance,"[0.08724667 0.11113206 0.11094614 0.1075881  0.11204292 0.1256632
 0.11924482 0.09804946 0.1280866 ]"
5,target_return_1d_all_returns,260,SVR,explained_variance,"[0.08724667 0.11113206 0.11094614 0.1075881  0.11204292 0.1256632
 0.11924482 0.09804946 0.1280866 ]"
6,target_return_1d_all_returns,260,LR,r2,"[-0.00095096  0.00017345 -0.00088837 -0.00026185  0.00057521 -0.00060472
  0.00181669 -0.00140186  0.00019619]"
7,target_return_1d_all_returns,260,Lasso,r2,"[-0.00082081 -0.         -0.00061564 -0.          0.         -0.00012906
  0.00120874 -0.00087668 -0.        ]"
8,target_return_1d_all_returns,260,Ridge,r2,"[-0.00094404  0.00016142 -0.00087303 -0.00025655  0.00055813 -0.00058679
  0.00178445 -0.00136782  0.00018023]"
9,target_return_1d_all_returns,260,RandomForest,r2,"[0.20668332 0.09018257 0.10810574 0.1088191  0.11984432 0.0928879
 0.11023081 0.10026049 0.06298576]"
10,target_return_1d_all_returns,260,XGB,r2,"[0.08724667 0.11113206 0.11094614 0.1075881  0.11204292 0.1256632
 0.11924482 0.09804946 0.1280866 ]"
11,target_return_1d_all_returns,260,SVR,r2,"[0.08724667 0.11113206 0.11094614 0.1075881  0.11204292 0.1256632
 0.11924482 0.09804946 0.1280866 ]"
12,target_return_1d_all_returns,260,LR,neg_mean_absolute_error,"[-0.00095096  0.00017345 -0.00088837 -0.00026185  0.00057521 -0.00060472
  0.00181669 -0.00140186  0.00019619]"
13,target_return_1d_all_returns,260,Lasso,neg_mean_absolute_error,"[-0.00082081 -0.         -0.00061564 -0.          0.         -0.00012906
  0.00120874 -0.00087668 -0.        ]"
14,target_return_1d_all_returns,260,Ridge,neg_mean_absolute_error,"[-0.00094404  0.00016142 -0.00087303 -0.00025655  0.00055813 -0.00058679
  0.00178445 -0.00136782  0.00018023]"
15,target_return_1d_all_returns,260,RandomForest,neg_mean_absolute_error,"[0.20668332 0.09018257 0.10810574 0.1088191  0.11984432 0.0928879
 0.11023081 0.10026049 0.06298576]"
16,target_return_1d_all_returns,260,XGB,neg_mean_absolute_error,"[0.08724667 0.11113206 0.11094614 0.1075881  0.11204292 0.1256632
 0.11924482 0.09804946 0.1280866 ]"
17,target_return_1d_all_returns,260,SVR,neg_mean_absolute_error,"[0.08724667 0.11113206 0.11094614 0.1075881  0.11204292 0.1256632
 0.11924482 0.09804946 0.1280866 ]"
18,target_return_1d_all_returns,260,LR,neg_mean_squared_error,"[-0.00095096  0.00017345 -0.00088837 -0.00026185  0.00057521 -0.00060472
  0.00181669 -0.00140186  0.00019619]"
19,target_return_1d_all_returns,260,Lasso,neg_mean_squared_error,"[-0.00082081 -0.         -0.00061564 -0.          0.         -0.00012906
  0.00120874 -0.00087668 -0.        ]"
20,target_return_1d_all_returns,260,Ridge,neg_mean_squared_error,"[-0.00094404  0.00016142 -0.00087303 -0.00025655  0.00055813 -0.00058679
  0.00178445 -0.00136782  0.00018023]"
21,target_return_1d_all_returns,260,RandomForest,neg_mean_squared_error,"[0.20668332 0.09018257 0.10810574 0.1088191  0.11984432 0.0928879
 0.11023081 0.10026049 0.06298576]"
22,target_return_1d_all_returns,260,XGB,neg_mean_squared_error,"[0.08724667 0.11113206 0.11094614 0.1075881  0.11204292 0.1256632
 0.11924482 0.09804946 0.1280866 ]"
23,target_return_1d_all_returns,260,SVR,neg_mean_squared_error,"[0.08724667 0.11113206 0.11094614 0.1075881  0.11204292 0.1256632
 0.11924482 0.09804946 0.1280866 ]"
24,target_return_1d_all_returns,260,LR,neg_median_absolute_error,"[-0.00095096  0.00017345 -0.00088837 -0.00026185  0.00057521 -0.00060472
  0.00181669 -0.00140186  0.00019619]"
25,target_return_1d_all_returns,260,Lasso,neg_median_absolute_error,"[-0.00082081 -0.         -0.00061564 -0.          0.         -0.00012906
  0.00120874 -0.00087668 -0.        ]"
26,target_return_1d_all_returns,260,Ridge,neg_median_absolute_error,"[-0.00094404  0.00016142 -0.00087303 -0.00025655  0.00055813 -0.00058679
  0.00178445 -0.00136782  0.00018023]"
27,target_return_1d_all_returns,260,RandomForest,neg_median_absolute_error,"[0.20668332 0.09018257 0.10810574 0.1088191  0.11984432 0.0928879
 0.11023081 0.10026049 0.06298576]"
28,target_return_1d_all_returns,260,XGB,neg_median_absolute_error,"[0.08724667 0.11113206 0.11094614 0.1075881  0.11204292 0.1256632
 0.11924482 0.09804946 0.1280866 ]"
29,target_return_1d_all_returns,260,SVR,neg_median_absolute_error,"[0.08724667 0.11113206 0.11094614 0.1075881  0.11204292 0.1256632
 0.11924482 0.09804946 0.1280866 ]"
0,target_return_1d_all_returns,260,LR,explained_variance,"[-0.00095096  0.00017345 -0.00088837 -0.00026185  0.00057521 -0.00060472
  0.00181669 -0.00140186  0.00019619]"
1,target_return_1d_all_returns,260,Lasso,explained_variance,"[-0.00082081 -0.         -0.00061564 -0.          0.         -0.00012906
  0.00120874 -0.00087668 -0.        ]"
2,target_return_1d_all_returns,260,Ridge,explained_variance,"[-0.00094404  0.00016142 -0.00087303 -0.00025655  0.00055813 -0.00058679
  0.00178445 -0.00136782  0.00018023]"
3,target_return_1d_all_returns,260,RandomForest,explained_variance,"[0.1774894  0.06836099 0.08480515 0.05950275 0.15615831 0.09454481
 0.17934034 0.0889878  0.09081046]"
4,target_return_1d_all_returns,260,XGB,explained_variance,"[0.08724667 0.11113206 0.11094614 0.1075881  0.11204292 0.1256632
 0.11924482 0.09804946 0.1280866 ]"
5,target_return_1d_all_returns,260,SVR,explained_variance,"[0.08724667 0.11113206 0.11094614 0.1075881  0.11204292 0.1256632
 0.11924482 0.09804946 0.1280866 ]"
6,target_return_1d_all_returns,260,LR,r2,"[-0.00095096  0.00017345 -0.00088837 -0.00026185  0.00057521 -0.00060472
  0.00181669 -0.00140186  0.00019619]"
7,target_return_1d_all_returns,260,Lasso,r2,"[-0.00082081 -0.         -0.00061564 -0.          0.         -0.00012906
  0.00120874 -0.00087668 -0.        ]"
8,target_return_1d_all_returns,260,Ridge,r2,"[-0.00094404  0.00016142 -0.00087303 -0.00025655  0.00055813 -0.00058679
  0.00178445 -0.00136782  0.00018023]"
9,target_return_1d_all_returns,260,RandomForest,r2,"[0.1774894  0.06836099 0.08480515 0.05950275 0.15615831 0.09454481
 0.17934034 0.0889878  0.09081046]"
10,target_return_1d_all_returns,260,XGB,r2,"[0.08724667 0.11113206 0.11094614 0.1075881  0.11204292 0.1256632
 0.11924482 0.09804946 0.1280866 ]"
11,target_return_1d_all_returns,260,SVR,r2,"[0.08724667 0.11113206 0.11094614 0.1075881  0.11204292 0.1256632
 0.11924482 0.09804946 0.1280866 ]"
12,target_return_1d_all_returns,260,LR,neg_mean_absolute_error,"[-0.00095096  0.00017345 -0.00088837 -0.00026185  0.00057521 -0.00060472
  0.00181669 -0.00140186  0.00019619]"
13,target_return_1d_all_returns,260,Lasso,neg_mean_absolute_error,"[-0.00082081 -0.         -0.00061564 -0.          0.         -0.00012906
  0.00120874 -0.00087668 -0.        ]"
14,target_return_1d_all_returns,260,Ridge,neg_mean_absolute_error,"[-0.00094404  0.00016142 -0.00087303 -0.00025655  0.00055813 -0.00058679
  0.00178445 -0.00136782  0.00018023]"
15,target_return_1d_all_returns,260,RandomForest,neg_mean_absolute_error,"[0.1774894  0.06836099 0.08480515 0.05950275 0.15615831 0.09454481
 0.17934034 0.0889878  0.09081046]"
16,target_return_1d_all_returns,260,XGB,neg_mean_absolute_error,"[0.08724667 0.11113206 0.11094614 0.1075881  0.11204292 0.1256632
 0.11924482 0.09804946 0.1280866 ]"
17,target_return_1d_all_returns,260,SVR,neg_mean_absolute_error,"[0.08724667 0.11113206 0.11094614 0.1075881  0.11204292 0.1256632
 0.11924482 0.09804946 0.1280866 ]"
18,target_return_1d_all_returns,260,LR,neg_mean_squared_error,"[-0.00095096  0.00017345 -0.00088837 -0.00026185  0.00057521 -0.00060472
  0.00181669 -0.00140186  0.00019619]"
19,target_return_1d_all_returns,260,Lasso,neg_mean_squared_error,"[-0.00082081 -0.         -0.00061564 -0.          0.         -0.00012906
  0.00120874 -0.00087668 -0.        ]"
20,target_return_1d_all_returns,260,Ridge,neg_mean_squared_error,"[-0.00094404  0.00016142 -0.00087303 -0.00025655  0.00055813 -0.00058679
  0.00178445 -0.00136782  0.00018023]"
21,target_return_1d_all_returns,260,RandomForest,neg_mean_squared_error,"[0.1774894  0.06836099 0.08480515 0.05950275 0.15615831 0.09454481
 0.17934034 0.0889878  0.09081046]"
22,target_return_1d_all_returns,260,XGB,neg_mean_squared_error,"[0.08724667 0.11113206 0.11094614 0.1075881  0.11204292 0.1256632
 0.11924482 0.09804946 0.1280866 ]"
23,target_return_1d_all_returns,260,SVR,neg_mean_squared_error,"[0.08724667 0.11113206 0.11094614 0.1075881  0.11204292 0.1256632
 0.11924482 0.09804946 0.1280866 ]"
24,target_return_1d_all_returns,260,LR,neg_median_absolute_error,"[-0.00095096  0.00017345 -0.00088837 -0.00026185  0.00057521 -0.00060472
  0.00181669 -0.00140186  0.00019619]"
25,target_return_1d_all_returns,260,Lasso,neg_median_absolute_error,"[-0.00082081 -0.         -0.00061564 -0.          0.         -0.00012906
  0.00120874 -0.00087668 -0.        ]"
26,target_return_1d_all_returns,260,Ridge,neg_median_absolute_error,"[-0.00094404  0.00016142 -0.00087303 -0.00025655  0.00055813 -0.00058679
  0.00178445 -0.00136782  0.00018023]"
27,target_return_1d_all_returns,260,RandomForest,neg_median_absolute_error,"[0.1774894  0.06836099 0.08480515 0.05950275 0.15615831 0.09454481
 0.17934034 0.0889878  0.09081046]"
28,target_return_1d_all_returns,260,XGB,neg_median_absolute_error,"[0.08724667 0.11113206 0.11094614 0.1075881  0.11204292 0.1256632
 0.11924482 0.09804946 0.1280866 ]"
29,target_return_1d_all_returns,260,SVR,neg_median_absolute_error,"[0.08724667 0.11113206 0.11094614 0.1075881  0.11204292 0.1256632
 0.11924482 0.09804946 0.1280866 ]"
0,target_return_1d_all_attributes,260,LR,explained_variance,"[-0.00095096  0.00017345 -0.00088837 -0.00026185  0.00057521 -0.00060472
  0.00181669 -0.00140186  0.00019619]"
1,target_return_1d_all_attributes,260,Lasso,explained_variance,"[-0.00082081 -0.         -0.00061564 -0.          0.         -0.00012906
  0.00120874 -0.00087668 -0.        ]"
2,target_return_1d_all_attributes,260,Ridge,explained_variance,"[-0.00094404  0.00016142 -0.00087303 -0.00025655  0.00055813 -0.00058679
  0.00178445 -0.00136782  0.00018023]"
3,target_return_1d_all_attributes,260,RandomForest,explained_variance,"[0.20290168 0.1082996  0.08896134 0.13389095 0.08297205 0.10323605
 0.13485904 0.06192573 0.08295357]"
4,target_return_1d_all_attributes,260,XGB,explained_variance,"[0.08724667 0.11113206 0.11094614 0.1075881  0.11204292 0.1256632
 0.11924482 0.09804946 0.1280866 ]"
5,target_return_1d_all_attributes,260,SVR,explained_variance,"[0.08724667 0.11113206 0.11094614 0.1075881  0.11204292 0.1256632
 0.11924482 0.09804946 0.1280866 ]"
6,target_return_1d_all_attributes,260,LR,r2,"[-0.00095096  0.00017345 -0.00088837 -0.00026185  0.00057521 -0.00060472
  0.00181669 -0.00140186  0.00019619]"
7,target_return_1d_all_attributes,260,Lasso,r2,"[-0.00082081 -0.         -0.00061564 -0.          0.         -0.00012906
  0.00120874 -0.00087668 -0.        ]"
8,target_return_1d_all_attributes,260,Ridge,r2,"[-0.00094404  0.00016142 -0.00087303 -0.00025655  0.00055813 -0.00058679
  0.00178445 -0.00136782  0.00018023]"
9,target_return_1d_all_attributes,260,RandomForest,r2,"[0.20290168 0.1082996  0.08896134 0.13389095 0.08297205 0.10323605
 0.13485904 0.06192573 0.08295357]"
10,target_return_1d_all_attributes,260,XGB,r2,"[0.08724667 0.11113206 0.11094614 0.1075881  0.11204292 0.1256632
 0.11924482 0.09804946 0.1280866 ]"
11,target_return_1d_all_attributes,260,SVR,r2,"[0.08724667 0.11113206 0.11094614 0.1075881  0.11204292 0.1256632
 0.11924482 0.09804946 0.1280866 ]"
12,target_return_1d_all_attributes,260,LR,neg_mean_absolute_error,"[-0.00095096  0.00017345 -0.00088837 -0.00026185  0.00057521 -0.00060472
  0.00181669 -0.00140186  0.00019619]"
13,target_return_1d_all_attributes,260,Lasso,neg_mean_absolute_error,"[-0.00082081 -0.         -0.00061564 -0.          0.         -0.00012906
  0.00120874 -0.00087668 -0.        ]"
14,target_return_1d_all_attributes,260,Ridge,neg_mean_absolute_error,"[-0.00094404  0.00016142 -0.00087303 -0.00025655  0.00055813 -0.00058679
  0.00178445 -0.00136782  0.00018023]"
15,target_return_1d_all_attributes,260,RandomForest,neg_mean_absolute_error,"[0.20290168 0.1082996  0.08896134 0.13389095 0.08297205 0.10323605
 0.13485904 0.06192573 0.08295357]"
16,target_return_1d_all_attributes,260,XGB,neg_mean_absolute_error,"[0.08724667 0.11113206 0.11094614 0.1075881  0.11204292 0.1256632
 0.11924482 0.09804946 0.1280866 ]"
17,target_return_1d_all_attributes,260,SVR,neg_mean_absolute_error,"[0.08724667 0.11113206 0.11094614 0.1075881  0.11204292 0.1256632
 0.11924482 0.09804946 0.1280866 ]"
18,target_return_1d_all_attributes,260,LR,neg_mean_squared_error,"[-0.00095096  0.00017345 -0.00088837 -0.00026185  0.00057521 -0.00060472
  0.00181669 -0.00140186  0.00019619]"
19,target_return_1d_all_attributes,260,Lasso,neg_mean_squared_error,"[-0.00082081 -0.         -0.00061564 -0.          0.         -0.00012906
  0.00120874 -0.00087668 -0.        ]"
20,target_return_1d_all_attributes,260,Ridge,neg_mean_squared_error,"[-0.00094404  0.00016142 -0.00087303 -0.00025655  0.00055813 -0.00058679
  0.00178445 -0.00136782  0.00018023]"
21,target_return_1d_all_attributes,260,RandomForest,neg_mean_squared_error,"[0.20290168 0.1082996  0.08896134 0.13389095 0.08297205 0.10323605
 0.13485904 0.06192573 0.08295357]"
22,target_return_1d_all_attributes,260,XGB,neg_mean_squared_error,"[0.08724667 0.11113206 0.11094614 0.1075881  0.11204292 0.1256632
 0.11924482 0.09804946 0.1280866 ]"
23,target_return_1d_all_attributes,260,SVR,neg_mean_squared_error,"[0.08724667 0.11113206 0.11094614 0.1075881  0.11204292 0.1256632
 0.11924482 0.09804946 0.1280866 ]"
24,target_return_1d_all_attributes,260,LR,neg_median_absolute_error,"[-0.00095096  0.00017345 -0.00088837 -0.00026185  0.00057521 -0.00060472
  0.00181669 -0.00140186  0.00019619]"
25,target_return_1d_all_attributes,260,Lasso,neg_median_absolute_error,"[-0.00082081 -0.         -0.00061564 -0.          0.         -0.00012906
  0.00120874 -0.00087668 -0.        ]"
26,target_return_1d_all_attributes,260,Ridge,neg_median_absolute_error,"[-0.00094404  0.00016142 -0.00087303 -0.00025655  0.00055813 -0.00058679
  0.00178445 -0.00136782  0.00018023]"
27,target_return_1d_all_attributes,260,RandomForest,neg_median_absolute_error,"[0.20290168 0.1082996  0.08896134 0.13389095 0.08297205 0.10323605
 0.13485904 0.06192573 0.08295357]"
28,target_return_1d_all_attributes,260,XGB,neg_median_absolute_error,"[0.08724667 0.11113206 0.11094614 0.1075881  0.11204292 0.1256632
 0.11924482 0.09804946 0.1280866 ]"
29,target_return_1d_all_attributes,260,SVR,neg_median_absolute_error,"[0.08724667 0.11113206 0.11094614 0.1075881  0.11204292 0.1256632
 0.11924482 0.09804946 0.1280866 ]"
0,target_return_1d_all_attributes,260,LR,explained_variance,"[ 3.65471379e-04 -1.10394328e-03  2.09055453e-04 -4.22773378e-04
  3.66674775e-04 -4.23601177e-04 -8.99399481e-04  1.75393275e-03
 -2.38175782e-03  1.05639242e-03  1.10957703e-03  7.31653974e-02
  4.42643064e-02 -1.88698787e-03 -1.70219370e-02 -1.25220632e-01
 -6.06180920e-02 -1.51870127e-01  1.51166314e-01  1.51166314e-01
 -7.81289557e-02  3.26966434e-04  2.56538410e-04 -6.77724994e-04
 -5.74888951e-04  6.82004003e-04 -4.35474513e-04 -2.02485762e-05
 -2.59558931e-04 -1.07354007e-05 -1.80807895e-04 -1.30462917e-05
  7.02262874e-04  5.87339228e-04 -4.45782237e-04  3.23345207e-04
 -1.13013782e-04 -2.10175673e-04]"
1,target_return_1d_all_attributes,260,Lasso,explained_variance,"[-0.         -0.00014594 -0.         -0.         -0.         -0.
 -0.          0.         -0.         -0.         -0.         -0.
 -0.         -0.         -0.         -0.         -0.         -0.
 -0.         -0.         -0.          0.          0.         -0.
 -0.          0.         -0.          0.         -0.          0.
 -0.         -0.          0.          0.         -0.          0.
  0.         -0.        ]"
2,target_return_1d_all_attributes,260,Ridge,explained_variance,"[ 3.63984795e-04 -1.02552274e-03  8.87606916e-05 -7.53218683e-04
 -2.07023883e-04  2.10888144e-04 -9.30950256e-04  1.35434013e-03
 -1.38596834e-03  2.14842566e-04  1.16146359e-03  3.26290955e-03
 -2.56577069e-03 -1.52430499e-03 -7.25671715e-04  2.42500408e-04
  6.67646770e-04 -8.86234027e-04  2.14879401e-04  2.14879401e-04
  2.77430915e-04  3.46636544e-04  2.57645760e-04 -6.88267102e-04
 -5.86459180e-04  6.83912008e-04 -4.03305990e-04 -2.39252795e-05
 -2.69934922e-04 -4.87884988e-06 -7.59188943e-05 -7.30159336e-05
  7.12918481e-04  5.91239743e-04 -4.72931169e-04  2.42174890e-04
 -7.55562731e-05 -2.19415329e-04]"
3,target_return_1d_all_attributes,260,RandomForest,explained_variance,"[0.04105667 0.15757238 0.0431209  0.06400559 0.08688733 0.06162079
 0.05323529 0.07352592 0.0461353  0.05330348 0.04637123 0.02263905
 0.01586006 0.04350176 0.05175149 0.01796408 0.01476471 0.01864767
 0.01181544 0.02331267 0.02318054 0.00078606 0.00274221 0.00761281
 0.00207692 0.00575695 0.         0.00083067 0.00265125 0.00088542
 0.         0.         0.00232996 0.00072849 0.00332693 0.
 0.         0.        ]"
4,target_return_1d_all_attributes,260,XGB,explained_variance,"[0.03071897 0.03492295 0.03958362 0.03491247 0.03983746 0.03906836
 0.03937354 0.03833449 0.03948385 0.03110482 0.04035707 0.03510567
 0.04215841 0.03805044 0.03016802 0.02154593 0.02049302 0.0447671
 0.02351609 0.         0.0317465  0.05492552 0.05148868 0.04799402
 0.02203193 0.02840487 0.03977508 0.         0.         0.
 0.02438362 0.         0.         0.         0.03574751 0.
 0.         0.        ]"
5,target_return_1d_all_attributes,260,SVR,explained_variance,"[0.03071897 0.03492295 0.03958362 0.03491247 0.03983746 0.03906836
 0.03937354 0.03833449 0.03948385 0.03110482 0.04035707 0.03510567
 0.04215841 0.03805044 0.03016802 0.02154593 0.02049302 0.0447671
 0.02351609 0.         0.0317465  0.05492552 0.05148868 0.04799402
 0.02203193 0.02840487 0.03977508 0.         0.         0.
 0.02438362 0.         0.         0.         0.03574751 0.
 0.         0.        ]"
6,target_return_1d_all_attributes,260,LR,r2,"[ 3.65471379e-04 -1.10394328e-03  2.09055453e-04 -4.22773378e-04
  3.66674775e-04 -4.23601177e-04 -8.99399481e-04  1.75393275e-03
 -2.38175782e-03  1.05639242e-03  1.10957703e-03  7.31653974e-02
  4.42643064e-02 -1.88698787e-03 -1.70219370e-02 -1.25220632e-01
 -6.06180920e-02 -1.51870127e-01  1.51166314e-01  1.51166314e-01
 -7.81289557e-02  3.26966434e-04  2.56538410e-04 -6.77724994e-04
 -5.74888951e-04  6.82004003e-04 -4.35474513e-04 -2.02485762e-05
 -2.59558931e-04 -1.07354007e-05 -1.80807895e-04 -1.30462917e-05
  7.02262874e-04  5.87339228e-04 -4.45782237e-04  3.23345207e-04
 -1.13013782e-04 -2.10175673e-04]"
7,target_return_1d_all_attributes,260,Lasso,r2,"[-0.         -0.00014594 -0.         -0.         -0.         -0.
 -0.          0.         -0.         -0.         -0.         -0.
 -0.         -0.         -0.         -0.         -0.         -0.
 -0.         -0.         -0.          0.          0.         -0.
 -0.          0.         -0.          0.         -0.          0.
 -0.         -0.          0.          0.         -0.          0.
  0.         -0.        ]"
8,target_return_1d_all_attributes,260,Ridge,r2,"[ 3.63984795e-04 -1.02552274e-03  8.87606916e-05 -7.53218683e-04
 -2.07023883e-04  2.10888144e-04 -9.30950256e-04  1.35434013e-03
 -1.38596834e-03  2.14842566e-04  1.16146359e-03  3.26290955e-03
 -2.56577069e-03 -1.52430499e-03 -7.25671715e-04  2.42500408e-04
  6.67646770e-04 -8.86234027e-04  2.14879401e-04  2.14879401e-04
  2.77430915e-04  3.46636544e-04  2.57645760e-04 -6.88267102e-04
 -5.86459180e-04  6.83912008e-04 -4.03305990e-04 -2.39252795e-05
 -2.69934922e-04 -4.87884988e-06 -7.59188943e-05 -7.30159336e-05
  7.12918481e-04  5.91239743e-04 -4.72931169e-04  2.42174890e-04
 -7.55562731e-05 -2.19415329e-04]"
9,target_return_1d_all_attributes,260,RandomForest,r2,"[0.04105667 0.15757238 0.0431209  0.06400559 0.08688733 0.06162079
 0.05323529 0.07352592 0.0461353  0.05330348 0.04637123 0.02263905
 0.01586006 0.04350176 0.05175149 0.01796408 0.01476471 0.01864767
 0.01181544 0.02331267 0.02318054 0.00078606 0.00274221 0.00761281
 0.00207692 0.00575695 0.         0.00083067 0.00265125 0.00088542
 0.         0.         0.00232996 0.00072849 0.00332693 0.
 0.         0.        ]"
10,target_return_1d_all_attributes,260,XGB,r2,"[0.03071897 0.03492295 0.03958362 0.03491247 0.03983746 0.03906836
 0.03937354 0.03833449 0.03948385 0.03110482 0.04035707 0.03510567
 0.04215841 0.03805044 0.03016802 0.02154593 0.02049302 0.0447671
 0.02351609 0.         0.0317465  0.05492552 0.05148868 0.04799402
 0.02203193 0.02840487 0.03977508 0.         0.         0.
 0.02438362 0.         0.         0.         0.03574751 0.
 0.         0.        ]"
11,target_return_1d_all_attributes,260,SVR,r2,"[0.03071897 0.03492295 0.03958362 0.03491247 0.03983746 0.03906836
 0.03937354 0.03833449 0.03948385 0.03110482 0.04035707 0.03510567
 0.04215841 0.03805044 0.03016802 0.02154593 0.02049302 0.0447671
 0.02351609 0.         0.0317465  0.05492552 0.05148868 0.04799402
 0.02203193 0.02840487 0.03977508 0.         0.         0.
 0.02438362 0.         0.         0.         0.03574751 0.
 0.         0.        ]"
12,target_return_1d_all_attributes,260,LR,neg_mean_absolute_error,"[ 3.65471379e-04 -1.10394328e-03  2.09055453e-04 -4.22773378e-04
  3.66674775e-04 -4.23601177e-04 -8.99399481e-04  1.75393275e-03
 -2.38175782e-03  1.05639242e-03  1.10957703e-03  7.31653974e-02
  4.42643064e-02 -1.88698787e-03 -1.70219370e-02 -1.25220632e-01
 -6.06180920e-02 -1.51870127e-01  1.51166314e-01  1.51166314e-01
 -7.81289557e-02  3.26966434e-04  2.56538410e-04 -6.77724994e-04
 -5.74888951e-04  6.82004003e-04 -4.35474513e-04 -2.02485762e-05
 -2.59558931e-04 -1.07354007e-05 -1.80807895e-04 -1.30462917e-05
  7.02262874e-04  5.87339228e-04 -4.45782237e-04  3.23345207e-04
 -1.13013782e-04 -2.10175673e-04]"
13,target_return_1d_all_attributes,260,Lasso,neg_mean_absolute_error,"[-0.         -0.00014594 -0.         -0.         -0.         -0.
 -0.          0.         -0.         -0.         -0.         -0.
 -0.         -0.         -0.         -0.         -0.         -0.
 -0.         -0.         -0.          0.          0.         -0.
 -0.          0.         -0.          0.         -0.          0.
 -0.         -0.          0.          0.         -0.          0.
  0.         -0.        ]"
14,target_return_1d_all_attributes,260,Ridge,neg_mean_absolute_error,"[ 3.63984795e-04 -1.02552274e-03  8.87606916e-05 -7.53218683e-04
 -2.07023883e-04  2.10888144e-04 -9.30950256e-04  1.35434013e-03
 -1.38596834e-03  2.14842566e-04  1.16146359e-03  3.26290955e-03
 -2.56577069e-03 -1.52430499e-03 -7.25671715e-04  2.42500408e-04
  6.67646770e-04 -8.86234027e-04  2.14879401e-04  2.14879401e-04
  2.77430915e-04  3.46636544e-04  2.57645760e-04 -6.88267102e-04
 -5.86459180e-04  6.83912008e-04 -4.03305990e-04 -2.39252795e-05
 -2.69934922e-04 -4.87884988e-06 -7.59188943e-05 -7.30159336e-05
  7.12918481e-04  5.91239743e-04 -4.72931169e-04  2.42174890e-04
 -7.55562731e-05 -2.19415329e-04]"
15,target_return_1d_all_attributes,260,RandomForest,neg_mean_absolute_error,"[0.04105667 0.15757238 0.0431209  0.06400559 0.08688733 0.06162079
 0.05323529 0.07352592 0.0461353  0.05330348 0.04637123 0.02263905
 0.01586006 0.04350176 0.05175149 0.01796408 0.01476471 0.01864767
 0.01181544 0.02331267 0.02318054 0.00078606 0.00274221 0.00761281
 0.00207692 0.00575695 0.         0.00083067 0.00265125 0.00088542
 0.         0.         0.00232996 0.00072849 0.00332693 0.
 0.         0.        ]"
16,target_return_1d_all_attributes,260,XGB,neg_mean_absolute_error,"[0.03071897 0.03492295 0.03958362 0.03491247 0.03983746 0.03906836
 0.03937354 0.03833449 0.03948385 0.03110482 0.04035707 0.03510567
 0.04215841 0.03805044 0.03016802 0.02154593 0.02049302 0.0447671
 0.02351609 0.         0.0317465  0.05492552 0.05148868 0.04799402
 0.02203193 0.02840487 0.03977508 0.         0.         0.
 0.02438362 0.         0.         0.         0.03574751 0.
 0.         0.        ]"
17,target_return_1d_all_attributes,260,SVR,neg_mean_absolute_error,"[0.03071897 0.03492295 0.03958362 0.03491247 0.03983746 0.03906836
 0.03937354 0.03833449 0.03948385 0.03110482 0.04035707 0.03510567
 0.04215841 0.03805044 0.03016802 0.02154593 0.02049302 0.0447671
 0.02351609 0.         0.0317465  0.05492552 0.05148868 0.04799402
 0.02203193 0.02840487 0.03977508 0.         0.         0.
 0.02438362 0.         0.         0.         0.03574751 0.
 0.         0.        ]"
18,target_return_1d_all_attributes,260,LR,neg_mean_squared_error,"[ 3.65471379e-04 -1.10394328e-03  2.09055453e-04 -4.22773378e-04
  3.66674775e-04 -4.23601177e-04 -8.99399481e-04  1.75393275e-03
 -2.38175782e-03  1.05639242e-03  1.10957703e-03  7.31653974e-02
  4.42643064e-02 -1.88698787e-03 -1.70219370e-02 -1.25220632e-01
 -6.06180920e-02 -1.51870127e-01  1.51166314e-01  1.51166314e-01
 -7.81289557e-02  3.26966434e-04  2.56538410e-04 -6.77724994e-04
 -5.74888951e-04  6.82004003e-04 -4.35474513e-04 -2.02485762e-05
 -2.59558931e-04 -1.07354007e-05 -1.80807895e-04 -1.30462917e-05
  7.02262874e-04  5.87339228e-04 -4.45782237e-04  3.23345207e-04
 -1.13013782e-04 -2.10175673e-04]"
19,target_return_1d_all_attributes,260,Lasso,neg_mean_squared_error,"[-0.         -0.00014594 -0.         -0.         -0.         -0.
 -0.          0.         -0.         -0.         -0.         -0.
 -0.         -0.         -0.         -0.         -0.         -0.
 -0.         -0.         -0.          0.          0.         -0.
 -0.          0.         -0.          0.         -0.          0.
 -0.         -0.          0.          0.         -0.          0.
  0.         -0.        ]"
20,target_return_1d_all_attributes,260,Ridge,neg_mean_squared_error,"[ 3.63984795e-04 -1.02552274e-03  8.87606916e-05 -7.53218683e-04
 -2.07023883e-04  2.10888144e-04 -9.30950256e-04  1.35434013e-03
 -1.38596834e-03  2.14842566e-04  1.16146359e-03  3.26290955e-03
 -2.56577069e-03 -1.52430499e-03 -7.25671715e-04  2.42500408e-04
  6.67646770e-04 -8.86234027e-04  2.14879401e-04  2.14879401e-04
  2.77430915e-04  3.46636544e-04  2.57645760e-04 -6.88267102e-04
 -5.86459180e-04  6.83912008e-04 -4.03305990e-04 -2.39252795e-05
 -2.69934922e-04 -4.87884988e-06 -7.59188943e-05 -7.30159336e-05
  7.12918481e-04  5.91239743e-04 -4.72931169e-04  2.42174890e-04
 -7.55562731e-05 -2.19415329e-04]"
21,target_return_1d_all_attributes,260,RandomForest,neg_mean_squared_error,"[0.04105667 0.15757238 0.0431209  0.06400559 0.08688733 0.06162079
 0.05323529 0.07352592 0.0461353  0.05330348 0.04637123 0.02263905
 0.01586006 0.04350176 0.05175149 0.01796408 0.01476471 0.01864767
 0.01181544 0.02331267 0.02318054 0.00078606 0.00274221 0.00761281
 0.00207692 0.00575695 0.         0.00083067 0.00265125 0.00088542
 0.         0.         0.00232996 0.00072849 0.00332693 0.
 0.         0.        ]"
22,target_return_1d_all_attributes,260,XGB,neg_mean_squared_error,"[0.03071897 0.03492295 0.03958362 0.03491247 0.03983746 0.03906836
 0.03937354 0.03833449 0.03948385 0.03110482 0.04035707 0.03510567
 0.04215841 0.03805044 0.03016802 0.02154593 0.02049302 0.0447671
 0.02351609 0.         0.0317465  0.05492552 0.05148868 0.04799402
 0.02203193 0.02840487 0.03977508 0.         0.         0.
 0.02438362 0.         0.         0.         0.03574751 0.
 0.         0.        ]"
23,target_return_1d_all_attributes,260,SVR,neg_mean_squared_error,"[0.03071897 0.03492295 0.03958362 0.03491247 0.03983746 0.03906836
 0.03937354 0.03833449 0.03948385 0.03110482 0.04035707 0.03510567
 0.04215841 0.03805044 0.03016802 0.02154593 0.02049302 0.0447671
 0.02351609 0.         0.0317465  0.05492552 0.05148868 0.04799402
 0.02203193 0.02840487 0.03977508 0.         0.         0.
 0.02438362 0.         0.         0.         0.03574751 0.
 0.         0.        ]"
24,target_return_1d_all_attributes,260,LR,neg_median_absolute_error,"[ 3.65471379e-04 -1.10394328e-03  2.09055453e-04 -4.22773378e-04
  3.66674775e-04 -4.23601177e-04 -8.99399481e-04  1.75393275e-03
 -2.38175782e-03  1.05639242e-03  1.10957703e-03  7.31653974e-02
  4.42643064e-02 -1.88698787e-03 -1.70219370e-02 -1.25220632e-01
 -6.06180920e-02 -1.51870127e-01  1.51166314e-01  1.51166314e-01
 -7.81289557e-02  3.26966434e-04  2.56538410e-04 -6.77724994e-04
 -5.74888951e-04  6.82004003e-04 -4.35474513e-04 -2.02485762e-05
 -2.59558931e-04 -1.07354007e-05 -1.80807895e-04 -1.30462917e-05
  7.02262874e-04  5.87339228e-04 -4.45782237e-04  3.23345207e-04
 -1.13013782e-04 -2.10175673e-04]"
25,target_return_1d_all_attributes,260,Lasso,neg_median_absolute_error,"[-0.         -0.00014594 -0.         -0.         -0.         -0.
 -0.          0.         -0.         -0.         -0.         -0.
 -0.         -0.         -0.         -0.         -0.         -0.
 -0.         -0.         -0.          0.          0.         -0.
 -0.          0.         -0.          0.         -0.          0.
 -0.         -0.          0.          0.         -0.          0.
  0.         -0.        ]"
26,target_return_1d_all_attributes,260,Ridge,neg_median_absolute_error,"[ 3.63984795e-04 -1.02552274e-03  8.87606916e-05 -7.53218683e-04
 -2.07023883e-04  2.10888144e-04 -9.30950256e-04  1.35434013e-03
 -1.38596834e-03  2.14842566e-04  1.16146359e-03  3.26290955e-03
 -2.56577069e-03 -1.52430499e-03 -7.25671715e-04  2.42500408e-04
  6.67646770e-04 -8.86234027e-04  2.14879401e-04  2.14879401e-04
  2.77430915e-04  3.46636544e-04  2.57645760e-04 -6.88267102e-04
 -5.86459180e-04  6.83912008e-04 -4.03305990e-04 -2.39252795e-05
 -2.69934922e-04 -4.87884988e-06 -7.59188943e-05 -7.30159336e-05
  7.12918481e-04  5.91239743e-04 -4.72931169e-04  2.42174890e-04
 -7.55562731e-05 -2.19415329e-04]"
27,target_return_1d_all_attributes,260,RandomForest,neg_median_absolute_error,"[0.04105667 0.15757238 0.0431209  0.06400559 0.08688733 0.06162079
 0.05323529 0.07352592 0.0461353  0.05330348 0.04637123 0.02263905
 0.01586006 0.04350176 0.05175149 0.01796408 0.01476471 0.01864767
 0.01181544 0.02331267 0.02318054 0.00078606 0.00274221 0.00761281
 0.00207692 0.00575695 0.         0.00083067 0.00265125 0.00088542
 0.         0.         0.00232996 0.00072849 0.00332693 0.
 0.         0.        ]"
28,target_return_1d_all_attributes,260,XGB,neg_median_absolute_error,"[0.03071897 0.03492295 0.03958362 0.03491247 0.03983746 0.03906836
 0.03937354 0.03833449 0.03948385 0.03110482 0.04035707 0.03510567
 0.04215841 0.03805044 0.03016802 0.02154593 0.02049302 0.0447671
 0.02351609 0.         0.0317465  0.05492552 0.05148868 0.04799402
 0.02203193 0.02840487 0.03977508 0.         0.         0.
 0.02438362 0.         0.         0.         0.03574751 0.
 0.         0.        ]"
29,target_return_1d_all_attributes,260,SVR,neg_median_absolute_error,"[0.03071897 0.03492295 0.03958362 0.03491247 0.03983746 0.03906836
 0.03937354 0.03833449 0.03948385 0.03110482 0.04035707 0.03510567
 0.04215841 0.03805044 0.03016802 0.02154593 0.02049302 0.0447671
 0.02351609 0.         0.0317465  0.05492552 0.05148868 0.04799402
 0.02203193 0.02840487 0.03977508 0.         0.         0.
 0.02438362 0.         0.         0.         0.03574751 0.
 0.         0.        ]"
0,TEST_STRATEGY_target_close_all_lags,260,LR,explained_variance,"[ 0.93093215  0.036065    0.00154795  0.04150076  0.03321669 -0.06078512
  0.02781287 -0.02377636  0.00421413  0.00992828]"
1,TEST_STRATEGY_target_close_all_lags,260,Lasso,explained_variance,"[ 9.81346729e-01  9.16742968e-03  3.20289158e-03  4.09172531e-03
  0.00000000e+00 -0.00000000e+00  2.78558865e-04 -6.40694797e-03
  0.00000000e+00  8.89367304e-03]"
2,TEST_STRATEGY_target_close_all_lags,260,Ridge,explained_variance,"[ 0.93078079  0.03620029  0.00156467  0.04149253  0.03320902 -0.06076637
  0.02780886 -0.0237775   0.00421358  0.00993058]"
3,TEST_STRATEGY_target_close_all_lags,260,RandomForest,explained_variance,"[3.24905385e-01 2.15036921e-02 3.72186331e-02 7.09440791e-02
 2.54294543e-01 2.63726580e-01 2.63963245e-02 2.29124824e-04
 3.69745574e-04 4.11892169e-04]"
4,TEST_STRATEGY_target_close_all_lags,260,LR,r2,"[ 0.93093215  0.036065    0.00154795  0.04150076  0.03321669 -0.06078512
  0.02781287 -0.02377636  0.00421413  0.00992828]"
5,TEST_STRATEGY_target_close_all_lags,260,Lasso,r2,"[ 9.81346729e-01  9.16742968e-03  3.20289158e-03  4.09172531e-03
  0.00000000e+00 -0.00000000e+00  2.78558865e-04 -6.40694797e-03
  0.00000000e+00  8.89367304e-03]"
6,TEST_STRATEGY_target_close_all_lags,260,Ridge,r2,"[ 0.93078079  0.03620029  0.00156467  0.04149253  0.03320902 -0.06076637
  0.02780886 -0.0237775   0.00421358  0.00993058]"
7,TEST_STRATEGY_target_close_all_lags,260,RandomForest,r2,"[3.24905385e-01 2.15036921e-02 3.72186331e-02 7.09440791e-02
 2.54294543e-01 2.63726580e-01 2.63963245e-02 2.29124824e-04
 3.69745574e-04 4.11892169e-04]"
8,TEST_STRATEGY_target_close_all_lags,260,LR,neg_mean_absolute_error,"[ 0.93093215  0.036065    0.00154795  0.04150076  0.03321669 -0.06078512
  0.02781287 -0.02377636  0.00421413  0.00992828]"
9,TEST_STRATEGY_target_close_all_lags,260,Lasso,neg_mean_absolute_error,"[ 9.81346729e-01  9.16742968e-03  3.20289158e-03  4.09172531e-03
  0.00000000e+00 -0.00000000e+00  2.78558865e-04 -6.40694797e-03
  0.00000000e+00  8.89367304e-03]"
10,TEST_STRATEGY_target_close_all_lags,260,Ridge,neg_mean_absolute_error,"[ 0.93078079  0.03620029  0.00156467  0.04149253  0.03320902 -0.06076637
  0.02780886 -0.0237775   0.00421358  0.00993058]"
11,TEST_STRATEGY_target_close_all_lags,260,RandomForest,neg_mean_absolute_error,"[3.24905385e-01 2.15036921e-02 3.72186331e-02 7.09440791e-02
 2.54294543e-01 2.63726580e-01 2.63963245e-02 2.29124824e-04
 3.69745574e-04 4.11892169e-04]"
12,TEST_STRATEGY_target_close_all_lags,260,LR,neg_mean_squared_error,"[ 0.93093215  0.036065    0.00154795  0.04150076  0.03321669 -0.06078512
  0.02781287 -0.02377636  0.00421413  0.00992828]"
13,TEST_STRATEGY_target_close_all_lags,260,Lasso,neg_mean_squared_error,"[ 9.81346729e-01  9.16742968e-03  3.20289158e-03  4.09172531e-03
  0.00000000e+00 -0.00000000e+00  2.78558865e-04 -6.40694797e-03
  0.00000000e+00  8.89367304e-03]"
14,TEST_STRATEGY_target_close_all_lags,260,Ridge,neg_mean_squared_error,"[ 0.93078079  0.03620029  0.00156467  0.04149253  0.03320902 -0.06076637
  0.02780886 -0.0237775   0.00421358  0.00993058]"
15,TEST_STRATEGY_target_close_all_lags,260,RandomForest,neg_mean_squared_error,"[3.24905385e-01 2.15036921e-02 3.72186331e-02 7.09440791e-02
 2.54294543e-01 2.63726580e-01 2.63963245e-02 2.29124824e-04
 3.69745574e-04 4.11892169e-04]"
16,TEST_STRATEGY_target_close_all_lags,260,LR,neg_median_absolute_error,"[ 0.93093215  0.036065    0.00154795  0.04150076  0.03321669 -0.06078512
  0.02781287 -0.02377636  0.00421413  0.00992828]"
17,TEST_STRATEGY_target_close_all_lags,260,Lasso,neg_median_absolute_error,"[ 9.81346729e-01  9.16742968e-03  3.20289158e-03  4.09172531e-03
  0.00000000e+00 -0.00000000e+00  2.78558865e-04 -6.40694797e-03
  0.00000000e+00  8.89367304e-03]"
18,TEST_STRATEGY_target_close_all_lags,260,Ridge,neg_median_absolute_error,"[ 0.93078079  0.03620029  0.00156467  0.04149253  0.03320902 -0.06076637
  0.02780886 -0.0237775   0.00421358  0.00993058]"
19,TEST_STRATEGY_target_close_all_lags,260,RandomForest,neg_median_absolute_error,"[3.24905385e-01 2.15036921e-02 3.72186331e-02 7.09440791e-02
 2.54294543e-01 2.63726580e-01 2.63963245e-02 2.29124824e-04
 3.69745574e-04 4.11892169e-04]"
0,TEST_STRATEGY_SC_target_close_all_lags,260,LR,explained_variance,"[44.54199695  1.72461972  0.07397932  1.9823246   1.58602174 -2.90106546
  1.32420196 -1.12499698  0.19706411  0.45605425]"
1,TEST_STRATEGY_SC_target_close_all_lags,260,Lasso,explained_variance,"[45.81598159  1.04543619  0.41009178  0.59004459  0.         -0.25542839
  0.45602978 -0.70723796  0.05261937  0.45271578]"
2,TEST_STRATEGY_SC_target_close_all_lags,260,Ridge,explained_variance,"[44.5403385   1.72610139  0.07416196  1.98223484  1.5859387  -2.9008616
  1.32415868 -1.12500957  0.19705827  0.45607856]"
3,TEST_STRATEGY_SC_target_close_all_lags,260,RandomForest,explained_variance,"[3.76691413e-01 3.93032907e-02 3.68813003e-02 3.62542750e-02
 2.45445967e-01 2.45145785e-01 1.83244019e-02 1.18283307e-04
 3.70348117e-04 1.46493587e-03]"
4,TEST_STRATEGY_SC_target_close_all_lags,260,LR,r2,"[44.54199695  1.72461972  0.07397932  1.9823246   1.58602174 -2.90106546
  1.32420196 -1.12499698  0.19706411  0.45605425]"
5,TEST_STRATEGY_SC_target_close_all_lags,260,Lasso,r2,"[45.81598159  1.04543619  0.41009178  0.59004459  0.         -0.25542839
  0.45602978 -0.70723796  0.05261937  0.45271578]"
6,TEST_STRATEGY_SC_target_close_all_lags,260,Ridge,r2,"[44.5403385   1.72610139  0.07416196  1.98223484  1.5859387  -2.9008616
  1.32415868 -1.12500957  0.19705827  0.45607856]"
7,TEST_STRATEGY_SC_target_close_all_lags,260,RandomForest,r2,"[3.76691413e-01 3.93032907e-02 3.68813003e-02 3.62542750e-02
 2.45445967e-01 2.45145785e-01 1.83244019e-02 1.18283307e-04
 3.70348117e-04 1.46493587e-03]"
8,TEST_STRATEGY_SC_target_close_all_lags,260,LR,neg_mean_absolute_error,"[44.54199695  1.72461972  0.07397932  1.9823246   1.58602174 -2.90106546
  1.32420196 -1.12499698  0.19706411  0.45605425]"
9,TEST_STRATEGY_SC_target_close_all_lags,260,Lasso,neg_mean_absolute_error,"[45.81598159  1.04543619  0.41009178  0.59004459  0.         -0.25542839
  0.45602978 -0.70723796  0.05261937  0.45271578]"
10,TEST_STRATEGY_SC_target_close_all_lags,260,Ridge,neg_mean_absolute_error,"[44.5403385   1.72610139  0.07416196  1.98223484  1.5859387  -2.9008616
  1.32415868 -1.12500957  0.19705827  0.45607856]"
11,TEST_STRATEGY_SC_target_close_all_lags,260,RandomForest,neg_mean_absolute_error,"[3.76691413e-01 3.93032907e-02 3.68813003e-02 3.62542750e-02
 2.45445967e-01 2.45145785e-01 1.83244019e-02 1.18283307e-04
 3.70348117e-04 1.46493587e-03]"
12,TEST_STRATEGY_SC_target_close_all_lags,260,LR,neg_mean_squared_error,"[44.54199695  1.72461972  0.07397932  1.9823246   1.58602174 -2.90106546
  1.32420196 -1.12499698  0.19706411  0.45605425]"
13,TEST_STRATEGY_SC_target_close_all_lags,260,Lasso,neg_mean_squared_error,"[45.81598159  1.04543619  0.41009178  0.59004459  0.         -0.25542839
  0.45602978 -0.70723796  0.05261937  0.45271578]"
14,TEST_STRATEGY_SC_target_close_all_lags,260,Ridge,neg_mean_squared_error,"[44.5403385   1.72610139  0.07416196  1.98223484  1.5859387  -2.9008616
  1.32415868 -1.12500957  0.19705827  0.45607856]"
15,TEST_STRATEGY_SC_target_close_all_lags,260,RandomForest,neg_mean_squared_error,"[3.76691413e-01 3.93032907e-02 3.68813003e-02 3.62542750e-02
 2.45445967e-01 2.45145785e-01 1.83244019e-02 1.18283307e-04
 3.70348117e-04 1.46493587e-03]"
16,TEST_STRATEGY_SC_target_close_all_lags,260,LR,neg_median_absolute_error,"[44.54199695  1.72461972  0.07397932  1.9823246   1.58602174 -2.90106546
  1.32420196 -1.12499698  0.19706411  0.45605425]"
17,TEST_STRATEGY_SC_target_close_all_lags,260,Lasso,neg_median_absolute_error,"[45.81598159  1.04543619  0.41009178  0.59004459  0.         -0.25542839
  0.45602978 -0.70723796  0.05261937  0.45271578]"
18,TEST_STRATEGY_SC_target_close_all_lags,260,Ridge,neg_median_absolute_error,"[44.5403385   1.72610139  0.07416196  1.98223484  1.5859387  -2.9008616
  1.32415868 -1.12500957  0.19705827  0.45607856]"
19,TEST_STRATEGY_SC_target_close_all_lags,260,RandomForest,neg_median_absolute_error,"[3.76691413e-01 3.93032907e-02 3.68813003e-02 3.62542750e-02
 2.45445967e-01 2.45145785e-01 1.83244019e-02 1.18283307e-04
 3.70348117e-04 1.46493587e-03]"
0,target_close_all_lags,260,LR,explained_variance,"[44.54199695  1.72461972  0.07397932  1.9823246   1.58602174 -2.90106546
  1.32420196 -1.12499698  0.19706411  0.45605425]"
1,target_close_all_lags,260,Lasso,explained_variance,"[45.81598159  1.04543619  0.41009178  0.59004459  0.         -0.25542839
  0.45602978 -0.70723796  0.05261937  0.45271578]"
2,target_close_all_lags,260,Ridge,explained_variance,"[44.5403385   1.72610139  0.07416196  1.98223484  1.5859387  -2.9008616
  1.32415868 -1.12500957  0.19705827  0.45607856]"
3,target_close_all_lags,260,RandomForest,explained_variance,"[3.83114144e-01 4.48149311e-02 2.30562448e-03 8.79095050e-02
 1.75302891e-01 2.61839116e-01 4.38963357e-02 1.71496333e-04
 3.53992834e-04 2.91963844e-04]"
4,target_close_all_lags,260,XGB,explained_variance,"[1.5196899e-01 1.6239856e-01 2.4309911e-02 2.2345524e-02 3.1518546e-01
 8.0793770e-03 3.1111729e-01 7.6916745e-05 1.8369744e-03 2.6809450e-03]"
5,target_close_all_lags,260,SVR,explained_variance,"[ 9.47288136e-01  4.44801145e-02 -1.63456868e-03  2.44176290e-02
 -7.42986470e-04 -1.45836925e-02  4.88239371e-03 -1.50010905e-02
  4.48788392e-03  7.47660253e-03]"
6,target_close_all_lags,260,LR,r2,"[44.54199695  1.72461972  0.07397932  1.9823246   1.58602174 -2.90106546
  1.32420196 -1.12499698  0.19706411  0.45605425]"
7,target_close_all_lags,260,Lasso,r2,"[45.81598159  1.04543619  0.41009178  0.59004459  0.         -0.25542839
  0.45602978 -0.70723796  0.05261937  0.45271578]"
8,target_close_all_lags,260,Ridge,r2,"[44.5403385   1.72610139  0.07416196  1.98223484  1.5859387  -2.9008616
  1.32415868 -1.12500957  0.19705827  0.45607856]"
9,target_close_all_lags,260,RandomForest,r2,"[3.83114144e-01 4.48149311e-02 2.30562448e-03 8.79095050e-02
 1.75302891e-01 2.61839116e-01 4.38963357e-02 1.71496333e-04
 3.53992834e-04 2.91963844e-04]"
10,target_close_all_lags,260,XGB,r2,"[1.5196899e-01 1.6239856e-01 2.4309911e-02 2.2345524e-02 3.1518546e-01
 8.0793770e-03 3.1111729e-01 7.6916745e-05 1.8369744e-03 2.6809450e-03]"
11,target_close_all_lags,260,SVR,r2,"[ 9.47288136e-01  4.44801145e-02 -1.63456868e-03  2.44176290e-02
 -7.42986470e-04 -1.45836925e-02  4.88239371e-03 -1.50010905e-02
  4.48788392e-03  7.47660253e-03]"
12,target_close_all_lags,260,LR,neg_mean_absolute_error,"[44.54199695  1.72461972  0.07397932  1.9823246   1.58602174 -2.90106546
  1.32420196 -1.12499698  0.19706411  0.45605425]"
13,target_close_all_lags,260,Lasso,neg_mean_absolute_error,"[45.81598159  1.04543619  0.41009178  0.59004459  0.         -0.25542839
  0.45602978 -0.70723796  0.05261937  0.45271578]"
14,target_close_all_lags,260,Ridge,neg_mean_absolute_error,"[44.5403385   1.72610139  0.07416196  1.98223484  1.5859387  -2.9008616
  1.32415868 -1.12500957  0.19705827  0.45607856]"
15,target_close_all_lags,260,RandomForest,neg_mean_absolute_error,"[3.83114144e-01 4.48149311e-02 2.30562448e-03 8.79095050e-02
 1.75302891e-01 2.61839116e-01 4.38963357e-02 1.71496333e-04
 3.53992834e-04 2.91963844e-04]"
16,target_close_all_lags,260,XGB,neg_mean_absolute_error,"[1.5196899e-01 1.6239856e-01 2.4309911e-02 2.2345524e-02 3.1518546e-01
 8.0793770e-03 3.1111729e-01 7.6916745e-05 1.8369744e-03 2.6809450e-03]"
17,target_close_all_lags,260,SVR,neg_mean_absolute_error,"[ 9.47288136e-01  4.44801145e-02 -1.63456868e-03  2.44176290e-02
 -7.42986470e-04 -1.45836925e-02  4.88239371e-03 -1.50010905e-02
  4.48788392e-03  7.47660253e-03]"
18,target_close_all_lags,260,LR,neg_mean_squared_error,"[44.54199695  1.72461972  0.07397932  1.9823246   1.58602174 -2.90106546
  1.32420196 -1.12499698  0.19706411  0.45605425]"
19,target_close_all_lags,260,Lasso,neg_mean_squared_error,"[45.81598159  1.04543619  0.41009178  0.59004459  0.         -0.25542839
  0.45602978 -0.70723796  0.05261937  0.45271578]"
20,target_close_all_lags,260,Ridge,neg_mean_squared_error,"[44.5403385   1.72610139  0.07416196  1.98223484  1.5859387  -2.9008616
  1.32415868 -1.12500957  0.19705827  0.45607856]"
21,target_close_all_lags,260,RandomForest,neg_mean_squared_error,"[3.83114144e-01 4.48149311e-02 2.30562448e-03 8.79095050e-02
 1.75302891e-01 2.61839116e-01 4.38963357e-02 1.71496333e-04
 3.53992834e-04 2.91963844e-04]"
22,target_close_all_lags,260,XGB,neg_mean_squared_error,"[1.5196899e-01 1.6239856e-01 2.4309911e-02 2.2345524e-02 3.1518546e-01
 8.0793770e-03 3.1111729e-01 7.6916745e-05 1.8369744e-03 2.6809450e-03]"
23,target_close_all_lags,260,SVR,neg_mean_squared_error,"[ 9.47288136e-01  4.44801145e-02 -1.63456868e-03  2.44176290e-02
 -7.42986470e-04 -1.45836925e-02  4.88239371e-03 -1.50010905e-02
  4.48788392e-03  7.47660253e-03]"
24,target_close_all_lags,260,LR,neg_median_absolute_error,"[44.54199695  1.72461972  0.07397932  1.9823246   1.58602174 -2.90106546
  1.32420196 -1.12499698  0.19706411  0.45605425]"
25,target_close_all_lags,260,Lasso,neg_median_absolute_error,"[45.81598159  1.04543619  0.41009178  0.59004459  0.         -0.25542839
  0.45602978 -0.70723796  0.05261937  0.45271578]"
26,target_close_all_lags,260,Ridge,neg_median_absolute_error,"[44.5403385   1.72610139  0.07416196  1.98223484  1.5859387  -2.9008616
  1.32415868 -1.12500957  0.19705827  0.45607856]"
27,target_close_all_lags,260,RandomForest,neg_median_absolute_error,"[3.83114144e-01 4.48149311e-02 2.30562448e-03 8.79095050e-02
 1.75302891e-01 2.61839116e-01 4.38963357e-02 1.71496333e-04
 3.53992834e-04 2.91963844e-04]"
28,target_close_all_lags,260,XGB,neg_median_absolute_error,"[1.5196899e-01 1.6239856e-01 2.4309911e-02 2.2345524e-02 3.1518546e-01
 8.0793770e-03 3.1111729e-01 7.6916745e-05 1.8369744e-03 2.6809450e-03]"
29,target_close_all_lags,260,SVR,neg_median_absolute_error,"[ 9.47288136e-01  4.44801145e-02 -1.63456868e-03  2.44176290e-02
 -7.42986470e-04 -1.45836925e-02  4.88239371e-03 -1.50010905e-02
  4.48788392e-03  7.47660253e-03]"
